{"count":1,"self":26.582652799999998,"total":86.2039351,"children":{"InitializeActuators":{"count":1,"self":0.0010003,"total":0.0010003,"children":null},"InitializeSensors":{"count":1,"self":0.0010000999999999999,"total":0.0010000999999999999,"children":null},"AgentSendState":{"count":85667,"self":0.1980766,"total":0.4316954,"children":{"CollectObservations":{"count":17134,"self":0.019999799999999998,"total":0.019999799999999998,"children":null},"WriteActionMask":{"count":17134,"self":0.0110002,"total":0.0110002,"children":null},"RequestDecision":{"count":17134,"self":0.087595499999999993,"total":0.2026188,"children":{"AgentInfo.ToProto":{"count":17134,"self":0.0600109,"total":0.1150233,"children":{"GenerateSensorData":{"count":17134,"self":0.055012399999999996,"total":0.055012399999999996,"children":null}}}}}}},"DecideAction":{"count":85667,"self":43.5336832,"total":43.5336818,"children":null},"AgentAct":{"count":85667,"self":15.647903999999999,"total":15.6479032,"children":null},"AgentInfo.ToProto":{"count":360,"self":0.0020012999999999997,"total":0.0050014,"children":{"GenerateSensorData":{"count":360,"self":0.0030001,"total":0.0030001,"children":null}}}},"gauges":{"EscapeMaze.CumulativeReward":{"count":360,"max":-1,"min":-2,"runningAverage":-1.22222281,"value":-2,"weightedAverage":-1.33585763}},"metadata":{"timer_format_version":"0.1.0","start_time_seconds":"1629386463","unity_version":"2020.1.12f1","command_line_arguments":"C:\\Program Files\\Unity\\Hub\\Editor\\2020.1.12f1\\Editor\\Unity.exe -projectpath D:\/Unity Projects\/MAIze-Runner\/Maize-Runner -useHub -hubIPC -cloudEnvironment production -hubSessionId 1cdfcea0-0100-11ec-97db-ef0f40b574d9","communication_protocol_version":"1.3.0","com.unity.ml-agents_version":"1.7.2-preview","scene_name":"GameSzene","end_time_seconds":"1629386549"}}