{
    "name": "root",
    "gauges": {
        "EscapeMaze.Policy.Entropy.mean": {
            "value": 1.2566367387771606,
            "min": 1.2566367387771606,
            "max": 1.2566368579864502,
            "count": 2
        },
        "EscapeMaze.Policy.Entropy.sum": {
            "value": 125915.0,
            "min": 18095.5703125,
            "max": 125915.0,
            "count": 2
        },
        "EscapeMaze.Step.mean": {
            "value": 2299965.0,
            "min": 2199957.0,
            "max": 2299965.0,
            "count": 2
        },
        "EscapeMaze.Step.sum": {
            "value": 2299965.0,
            "min": 2199957.0,
            "max": 2299965.0,
            "count": 2
        },
        "EscapeMaze.Policy.ExtrinsicValueEstimate.mean": {
            "value": -0.35941851139068604,
            "min": -0.37307652831077576,
            "max": -0.35941851139068604,
            "count": 2
        },
        "EscapeMaze.Policy.ExtrinsicValueEstimate.sum": {
            "value": -565.0059204101562,
            "min": -565.0059204101562,
            "max": -79.09222412109375,
            "count": 2
        },
        "EscapeMaze.IsTraining.mean": {
            "value": 1.0,
            "min": 1.0,
            "max": 1.0,
            "count": 2
        },
        "EscapeMaze.IsTraining.sum": {
            "value": 1.0,
            "min": 1.0,
            "max": 1.0,
            "count": 2
        },
        "EscapeMaze.Environment.EpisodeLength.mean": {
            "value": 1399.0,
            "min": 1399.0,
            "max": 1399.0,
            "count": 1
        },
        "EscapeMaze.Environment.EpisodeLength.sum": {
            "value": 104925.0,
            "min": 104925.0,
            "max": 104925.0,
            "count": 1
        },
        "EscapeMaze.Environment.CumulativeReward.mean": {
            "value": -17.88288053870201,
            "min": -17.88288053870201,
            "max": -17.88288053870201,
            "count": 1
        },
        "EscapeMaze.Environment.CumulativeReward.sum": {
            "value": -1341.2160404026508,
            "min": -1341.2160404026508,
            "max": -1341.2160404026508,
            "count": 1
        },
        "EscapeMaze.Policy.ExtrinsicReward.mean": {
            "value": -17.88288053870201,
            "min": -17.88288053870201,
            "max": -17.88288053870201,
            "count": 1
        },
        "EscapeMaze.Policy.ExtrinsicReward.sum": {
            "value": -1341.2160404026508,
            "min": -1341.2160404026508,
            "max": -1341.2160404026508,
            "count": 1
        }
    },
    "metadata": {
        "timer_format_version": "0.1.0",
        "start_time_seconds": "1630051033",
        "python_version": "3.6.8 (tags/v3.6.8:3c6b436a57, Dec 24 2018, 00:16:47) [MSC v.1916 64 bit (AMD64)]",
        "command_line_arguments": "E:\\UnityProjects\\MAIze-Runner\\Maize-Runner\\venv\\Scripts\\mlagents-learn config\\EscapeMaze_config.yaml --run-id=MazeRunnerRewards --resume",
        "mlagents_version": "0.27.0",
        "mlagents_envs_version": "0.27.0",
        "communication_protocol_version": "1.5.0",
        "pytorch_version": "1.7.0+cu110",
        "numpy_version": "1.19.5",
        "end_time_seconds": "1630051245"
    },
    "total": 212.0956511,
    "count": 1,
    "self": 0.014222999999986996,
    "children": {
        "run_training.setup": {
            "total": 0.14029319999999998,
            "count": 1,
            "self": 0.14029319999999998
        },
        "TrainerController.start_learning": {
            "total": 211.9411349,
            "count": 1,
            "self": 0.1335393999990231,
            "children": {
                "TrainerController._reset_env": {
                    "total": 11.6716751,
                    "count": 1,
                    "self": 11.6716751
                },
                "TrainerController.advance": {
                    "total": 200.025077600001,
                    "count": 5160,
                    "self": 0.12403200000059655,
                    "children": {
                        "env_step": {
                            "total": 174.30777500000022,
                            "count": 5160,
                            "self": 162.0505801999996,
                            "children": {
                                "SubprocessEnvManager._take_step": {
                                    "total": 12.16892310000049,
                                    "count": 5160,
                                    "self": 0.4809566999999717,
                                    "children": {
                                        "TorchPolicy.evaluate": {
                                            "total": 11.687966400000517,
                                            "count": 5160,
                                            "self": 5.301923900000457,
                                            "children": {
                                                "TorchPolicy.sample_actions": {
                                                    "total": 6.386042500000061,
                                                    "count": 5160,
                                                    "self": 6.386042500000061
                                                }
                                            }
                                        }
                                    }
                                },
                                "workers": {
                                    "total": 0.08827170000015094,
                                    "count": 5160,
                                    "self": 0.0,
                                    "children": {
                                        "worker_root": {
                                            "total": 189.74597870000028,
                                            "count": 5160,
                                            "is_parallel": true,
                                            "self": 39.89693770000093,
                                            "children": {
                                                "steps_from_proto": {
                                                    "total": 0.0020674,
                                                    "count": 1,
                                                    "is_parallel": true,
                                                    "self": 0.00019480000000000018,
                                                    "children": {
                                                        "_process_rank_one_or_two_observation": {
                                                            "total": 0.0018725999999999999,
                                                            "count": 6,
                                                            "is_parallel": true,
                                                            "self": 0.0018725999999999999
                                                        }
                                                    }
                                                },
                                                "UnityEnvironment.step": {
                                                    "total": 149.84697359999936,
                                                    "count": 5160,
                                                    "is_parallel": true,
                                                    "self": 2.3456422000004693,
                                                    "children": {
                                                        "UnityEnvironment._generate_step_input": {
                                                            "total": 2.3693636000000993,
                                                            "count": 5160,
                                                            "is_parallel": true,