{
    "name": "root",
    "gauges": {
        "EscapeMaze.Policy.Entropy.mean": {
            "value": 0.2642270028591156,
            "min": 0.24439020454883575,
            "max": 0.9160044193267822,
            "count": 156
        },
        "EscapeMaze.Policy.Entropy.sum": {
            "value": 26435.912109375,
            "min": 24390.142578125,
            "max": 91534.21875,
            "count": 156
        },
        "EscapeMaze.Environment.EpisodeLength.mean": {
            "value": 1051.4845360824743,
            "min": 783.8,
            "max": 1179.9540229885058,
            "count": 156
        },
        "EscapeMaze.Environment.EpisodeLength.sum": {
            "value": 101994.0,
            "min": 35271.0,
            "max": 106619.0,
            "count": 156
        },
        "EscapeMaze.Step.mean": {
            "value": 23599948.0,
            "min": 8099938.0,
            "max": 23599948.0,
            "count": 156
        },
        "EscapeMaze.Step.sum": {
            "value": 23599948.0,
            "min": 8099938.0,
            "max": 23599948.0,
            "count": 156
        },
        "EscapeMaze.Policy.ExtrinsicValueEstimate.mean": {
            "value": -0.4664570987224579,
            "min": -0.49113836884498596,
            "max": -0.3980556130409241,
            "count": 156
        },
        "EscapeMaze.Policy.ExtrinsicValueEstimate.sum": {
            "value": -740.73388671875,
            "min": -777.9631958007812,
            "max": -303.7164306640625,
            "count": 156
        },
        "EscapeMaze.Environment.CumulativeReward.mean": {
            "value": -5.591959124680647,
            "min": -6.256471669879453,
            "max": -3.785711360639996,
            "count": 156
        },
        "EscapeMaze.Environment.CumulativeReward.sum": {
            "value": -542.4200350940228,
            "min": -563.397036254406,
            "max": -170.35701122879982,
            "count": 156
        },
        "EscapeMaze.Policy.ExtrinsicReward.mean": {
            "value": -5.591959124680647,
            "min": -6.256471669879453,
            "max": -3.785711360639996,
            "count": 156
        },
        "EscapeMaze.Policy.ExtrinsicReward.sum": {
            "value": -542.4200350940228,
            "min": -563.397036254406,
            "max": -170.35701122879982,
            "count": 156
        },
        "EscapeMaze.IsTraining.mean": {
            "value": 1.0,
            "min": 1.0,
            "max": 1.0,
            "count": 156
        },
        "EscapeMaze.IsTraining.sum": {
            "value": 1.0,
            "min": 1.0,
            "max": 1.0,
            "count": 156
        },
        "EscapeMaze.Losses.PolicyLoss.mean": {
            "value": 0.07042532290844247,
            "min": 0.061222736522244914,
            "max": 0.07576503765707214,
            "count": 121
        },
        "EscapeMaze.Losses.PolicyLoss.sum": {
            "value": 0.07042532290844247,
            "min": 0.061222736522244914,
            "max": 0.07576503765707214,
            "count": 121
        },
        "EscapeMaze.Losses.ValueLoss.mean": {
            "value": 0.00626678423244933,
            "min": 0.0029198844810404503,
            "max": 0.008892735451227055,
            "count": 121
        },
        "EscapeMaze.Losses.ValueLoss.sum": {
            "value": 0.00626678423244933,
            "min": 0.0029198844810404503,
            "max": 0.008892735451227055,
            "count": 121
        },
        "EscapeMaze.Policy.LearningRate.mean": {
            "value": 0.0002858721947092699,
            "min": 0.0002858721947092699,
            "max": 0.00029509179583606847,
            "count": 121
        },
        "EscapeMaze.Policy.LearningRate.sum": {
            "value": 0.0002858721947092699,
            "min": 0.0002858721947092699,
            "max": 0.00029509179583606847,
            "count": 121
        },
        "EscapeMaze.Policy.Epsilon.mean": {
            "value": 0.19529073000000002,
            "min": 0.19529073000000002,
            "max": 0.19836393140000005,
            "count": 121
        },
        "EscapeMaze.Policy.Epsilon.sum": {
            "value": 0.19529073000000002,
            "min": 0.19529073000000002,
            "max": 0.19836393140000005,
            "count": 121
        },
        "EscapeMaze.Policy.Beta.mean": {
            "value": 0.00047692457699999996,
            "min": 0.00047692457699999996,
            "max": 0.0004919832638600001,
            "count": 121
        },
        "EscapeMaze.Policy.Beta.sum": {
            "value": 0.00047692457699999996,
            "min": 0.00047692457699999996,
            "max": 0.0004919832638600001,
            "count": 121
        }
    },
    "metadata": {
        "timer_format_version": "0.1.0",
        "start_time_seconds": "1630103400",
        "python_version": "3.6.8 (tags/v3.6.8:3c6b436a57, Dec 24 2018, 00:16:47) [MSC v.1916 64 bit (AMD64)]",
        "command_line_arguments": "E:\\UnityProjects\\MAIze-Runner\\Maize-Runner\\venv\\Scripts\\mlagents-learn config\\EscapeMaze_config.yaml --run-id=EscapeRewards2 --resume",
        "mlagents_version": "0.27.0",
        "mlagents_envs_version": "0.27.0",
        "communication_protocol_version": "1.5.0",
        "pytorch_version": "1.7.0+cu110",
        "numpy_version": "1.19.5",
        "end_time_seconds": "1630131737"
    },
    "total": 28338.7266694,
    "count": 1,
    "self": 0.00793349999730708,
    "children": {
        "run_training.setup": {
            "total": 0.12369820000000001,
            "count": 1,
            "self": 0.12369820000000001
        },
        "TrainerController.start_learning": {
            "total": 28338.5950377,
            "count": 1,
            "self": 15.73224579811722,
            "children": {
                "TrainerController._reset_env": {
                    "total": 6.6259021,
                    "count": 1,
                    "self": 6.6259021
                },
                "TrainerController.advance": {
                    "total": 28316.15446420188,
                    "count": 634786,
                    "self": 14.019306301936012,
                    "children": {
                        "env_step": {
                            "total": 19617.031490999667,
                            "count": 634786,
                            "self": 18428.253841200534,
                            "children": {
                                "SubprocessEnvManager._take_step": {
                                    "total": 1178.4274634985604,
                                    "count": 634786,
                                    "self": 47.380259999029704,
                                    "children": {
                                        "TorchPolicy.evaluate": {
                                            "total": 1131.0472034995307,
                                            "count": 622417,
                                            "self": 472.420184800406,
                                            "children": {
                                                "TorchPolicy.sample_actions": {
                                                    "total": 658.6270186991247,
                                                    "count": 622417,
                                                    "self": 658.6270186991247
                                                }
                                            }
                                        }
                                    }
                                },
                                "workers": {
                                    "total": 10.35018630057356,
                                    "count": 634785,
                                    "self": 0.0,
                                    "children": {
                                        "worker_root": {
                                            "total": 28315.69298069886,